"http://dbpedia.org/resource/Colombo_Lighthouse","Colombo Lighthouse","ArchitecturalStructure"
"http://dbpedia.org/resource/Colombo_Lighthouse","Colombo Lighthouse","Lighthouse"
"http://dbpedia.org/resource/Colombo_Lighthouse","Colombo Lighthouse","Tower"
"http://dbpedia.org/resource/Abraham_Lincoln","Abraham Lincoln","Politician"
"http://dbpedia.org/resource/Abraham_Lincoln","Abraham Lincoln","Agent"
"http://dbpedia.org/resource/Abraham_Lincoln","Abraham Lincoln","OfficeHolder"
"http://dbpedia.org/resource/Abraham_Lincoln","Abraham Lincoln","Person"
"http://dbpedia.org/resource/Pulp_Fiction","Pulp Fiction","Film"
"http://dbpedia.org/resource/Pulp_Fiction","Pulp Fiction","Work"
"http://dbpedia.org/resource/Operation_Overlord","Operation Overlord","MilitaryConflict"
"http://dbpedia.org/resource/Operation_Overlord","Operation Overlord","Event"
"http://dbpedia.org/resource/Operation_Overlord","Operation Overlord","SocietalEvent"
"http://dbpedia.org/resource/Chile_Route_68","Ruta 68 (Chile)","ArchitecturalStructure"
"http://dbpedia.org/resource/Chile_Route_68","Ruta 68 (Chile)","Road"
"http://dbpedia.org/resource/Chile_Route_68","Ruta 68 (Chile)","Infrastructure"
"http://dbpedia.org/resource/Chile_Route_68","Ruta 68 (Chile)","RouteOfTransportation"
"http://dbpedia.org/resource/Slack_(software)","Slack","Work"
"http://dbpedia.org/resource/Slack_(software)","Slack","Software"
"http://dbpedia.org/resource/Jacques_Chirac","Jacques Chirac","Politician"
"http://dbpedia.org/resource/Jacques_Chirac","Jacques Chirac","Agent"
"http://dbpedia.org/resource/Jacques_Chirac","Jacques Chirac","OfficeHolder"
"http://dbpedia.org/resource/Jacques_Chirac","Jacques Chirac","Person"
"http://dbpedia.org/resource/The_Storm_on_the_Sea_of_Galilee","Christus im Sturm auf dem See Genezareth","Artwork"
"http://dbpedia.org/resource/The_Storm_on_the_Sea_of_Galilee","Christus im Sturm auf dem See Genezareth","Work"
"http://dbpedia.org/resource/Weser","Weser","NaturalPlace"
"http://dbpedia.org/resource/Weser","Weser","BodyOfWater"
"http://dbpedia.org/resource/Weser","Weser","River"
"http://dbpedia.org/resource/Weser","Weser","Stream"
"http://dbpedia.org/resource/Weser","Weser","Place"
"http://dbpedia.org/resource/Weser","Weser","Location"
"http://dbpedia.org/resource/FC_Porto","FC Porto","Agent"
"http://dbpedia.org/resource/FC_Porto","FC Porto","Organisation"
"http://dbpedia.org/resource/FC_Porto","FC Porto","SoccerClub"
"http://dbpedia.org/resource/FC_Porto","FC Porto","SportsClub"
"http://dbpedia.org/resource/Viking_Press","Viking Press","Agent"
"http://dbpedia.org/resource/Viking_Press","Viking Press","Company"
"http://dbpedia.org/resource/Viking_Press","Viking Press","Organisation"
"http://dbpedia.org/resource/Viking_Press","Viking Press","Publisher"
"http://dbpedia.org/resource/Jack_Kerouac","Jack Kerouac","Agent"
"http://dbpedia.org/resource/Jack_Kerouac","Jack Kerouac","Person"
"http://dbpedia.org/resource/Jack_Kerouac","Jack Kerouac","Writer"
"http://dbpedia.org/resource/Amazon_Eve","Amazon Eve","Agent"
"http://dbpedia.org/resource/Amazon_Eve","Amazon Eve","Model"
"http://dbpedia.org/resource/Amazon_Eve","Amazon Eve","Person"
"http://dbpedia.org/resource/The_Scream","Der Schrei","Artwork"
"http://dbpedia.org/resource/The_Scream","Der Schrei","Work"
"http://dbpedia.org/resource/The_Pillars_of_the_Earth","Die Säulen der Erde","WrittenWork"
"http://dbpedia.org/resource/The_Pillars_of_the_Earth","Die Säulen der Erde","Book"
"http://dbpedia.org/resource/The_Pillars_of_the_Earth","Die Säulen der Erde","Work"
"http://dbpedia.org/resource/Ceres_(dwarf_planet)","Ceres","CelestialBody"
"http://dbpedia.org/resource/Ceres_(dwarf_planet)","Ceres","Planet"
"http://dbpedia.org/resource/Ceres_(dwarf_planet)","Ceres","Place"
"http://dbpedia.org/resource/Ceres_(dwarf_planet)","Ceres","Location"
"http://dbpedia.org/resource/Brooklyn_Bridge","Brooklyn Bridge","ArchitecturalStructure"
"http://dbpedia.org/resource/Brooklyn_Bridge","Brooklyn Bridge","Infrastructure"
"http://dbpedia.org/resource/Brooklyn_Bridge","Brooklyn Bridge","Bridge"
"http://dbpedia.org/resource/Brooklyn_Bridge","Brooklyn Bridge","RouteOfTransportation"
"http://dbpedia.org/resource/Paris","Paris","Settlement"
"http://dbpedia.org/resource/Paris","Paris","City"
"http://dbpedia.org/resource/Paris","Paris","Place"
"http://dbpedia.org/resource/Paris","Paris","Location"
"http://dbpedia.org/resource/Paris","Paris","PopulatedPlace"
"http://dbpedia.org/resource/Ankara","Ankara","Settlement"
"http://dbpedia.org/resource/Ankara","Ankara","City"
"http://dbpedia.org/resource/Ankara","Ankara","Place"
"http://dbpedia.org/resource/Ankara","Ankara","PopulatedPlace"
"http://dbpedia.org/resource/Ankara","Ankara","Location"
"http://dbpedia.org/resource/French_Polynesia","Französisch-Polynesien","Country"
"http://dbpedia.org/resource/Douglas_Hofstadter","Douglas R. Hofstadter","Agent"
"http://dbpedia.org/resource/Douglas_Hofstadter","Douglas R. Hofstadter","Scientist"
"http://dbpedia.org/resource/Douglas_Hofstadter","Douglas R. Hofstadter","Person"
"http://dbpedia.org/resource/The_Lego_Movie","The LEGO Movie","Film"
"http://dbpedia.org/resource/The_Lego_Movie","The LEGO Movie","Work"
"http://dbpedia.org/resource/Piccadilly","Piccadilly","Road"
"http://dbpedia.org/resource/Piccadilly","Piccadilly","City"
"http://dbpedia.org/resource/Prince_William,_Duke_of_Cambridge","William, Duke of Cambridge","Agent"
"http://dbpedia.org/resource/Prince_William,_Duke_of_Cambridge","William, Duke of Cambridge","Royalty"
"http://dbpedia.org/resource/Prince_William,_Duke_of_Cambridge","William, Duke of Cambridge","Person"
"http://dbpedia.org/resource/Agent_Smith","Agent Smith","Agent"
"http://dbpedia.org/resource/Agent_Smith","Agent Smith","FictionalCharacter"
"http://dbpedia.org/resource/Turkmenistan","Turkmenistan","MusicalArtist"
"http://dbpedia.org/resource/Turkmenistan","Turkmenistan","Country"
"http://dbpedia.org/resource/Turkmenistan","Turkmenistan","Place"
"http://dbpedia.org/resource/Turkmenistan","Turkmenistan","Location"
"http://dbpedia.org/resource/Turkmenistan","Turkmenistan","PopulatedPlace"
"http://dbpedia.org/resource/Julia_Roberts","Julia Roberts","Agent"
"http://dbpedia.org/resource/Julia_Roberts","Julia Roberts","Person"
"http://dbpedia.org/resource/Richard_Gere","Richard Gere","Agent"
"http://dbpedia.org/resource/Richard_Gere","Richard Gere","Person"
"http://dbpedia.org/resource/Ganges","Ganges","NaturalPlace"
"http://dbpedia.org/resource/Ganges","Ganges","BodyOfWater"
"http://dbpedia.org/resource/Ganges","Ganges","River"
"http://dbpedia.org/resource/Ganges","Ganges","Stream"
"http://dbpedia.org/resource/Ganges","Ganges","Place"
"http://dbpedia.org/resource/Ganges","Ganges","Location"
"http://dbpedia.org/resource/Rachel_Stevens","Rachel Stevens","Person"
"http://dbpedia.org/resource/Barack_Obama","Barack Obama","Politician"
"http://dbpedia.org/resource/Barack_Obama","Barack Obama","Agent"
"http://dbpedia.org/resource/Barack_Obama","Barack Obama","OfficeHolder"
"http://dbpedia.org/resource/Barack_Obama","Barack Obama","Person"
"http://dbpedia.org/resource/Democratic_Party_(United_States)","Demokratische Partei (Vereinigte Staaten)","PoliticalParty"
"http://dbpedia.org/resource/Democratic_Party_(United_States)","Demokratische Partei (Vereinigte Staaten)","Agent"
"http://dbpedia.org/resource/Democratic_Party_(United_States)","Demokratische Partei (Vereinigte Staaten)","Organisation"
"http://dbpedia.org/resource/Johann_Sebastian_Bach","Johann Sebastian Bach","MusicalArtist"
"http://dbpedia.org/resource/Johann_Sebastian_Bach","Johann Sebastian Bach","Agent"
"http://dbpedia.org/resource/Johann_Sebastian_Bach","Johann Sebastian Bach","Person"
"http://dbpedia.org/resource/Jane_Fonda","Jane Fonda","Agent"
"http://dbpedia.org/resource/Jane_Fonda","Jane Fonda","Person"
"http://dbpedia.org/resource/Mount_Everest","Mount Everest","NaturalPlace"
"http://dbpedia.org/resource/Mount_Everest","Mount Everest","Mountain"
"http://dbpedia.org/resource/Mount_Everest","Mount Everest","Place"
"http://dbpedia.org/resource/Mount_Everest","Mount Everest","Location"
"http://dbpedia.org/resource/Poland","Polen","MusicalArtist"
"http://dbpedia.org/resource/Poland","Polen","Country"
"http://dbpedia.org/resource/Poland","Polen","Place"
"http://dbpedia.org/resource/Poland","Polen","PopulatedPlace"
"http://dbpedia.org/resource/Poland","Polen","Location"
"http://dbpedia.org/resource/Palace_of_Westminster","Palace of Westminster","Settlement"
"http://dbpedia.org/resource/Palace_of_Westminster","Palace of Westminster","HistoricPlace"
"http://dbpedia.org/resource/Palace_of_Westminster","Palace of Westminster","Place"
"http://dbpedia.org/resource/Palace_of_Westminster","Palace of Westminster","Location"
"http://dbpedia.org/resource/Batman_Begins","Batman Begins","Film"
"http://dbpedia.org/resource/Batman_Begins","Batman Begins","Work"
"http://dbpedia.org/resource/Christian_Bale","Christian Bale","Agent"
"http://dbpedia.org/resource/Christian_Bale","Christian Bale","Person"
"http://dbpedia.org/resource/Limerick_Lake","Limerick Lake","NaturalPlace"
"http://dbpedia.org/resource/Limerick_Lake","Limerick Lake","BodyOfWater"
"http://dbpedia.org/resource/Limerick_Lake","Limerick Lake","Lake"
"http://dbpedia.org/resource/Limerick_Lake","Limerick Lake","Place"
"http://dbpedia.org/resource/Limerick_Lake","Limerick Lake","Location"
"http://dbpedia.org/resource/Alec_Guinness","Alec Guinness","Agent"
"http://dbpedia.org/resource/Alec_Guinness","Alec Guinness","Person"
"http://dbpedia.org/resource/Australia","Australien","MusicalArtist"
"http://dbpedia.org/resource/Australia","Australien","Country"
"http://dbpedia.org/resource/Australia","Australien","Place"
"http://dbpedia.org/resource/Australia","Australien","PopulatedPlace"
"http://dbpedia.org/resource/Australia","Australien","Location"
"http://dbpedia.org/resource/Frank_Herbert","Frank Herbert","Agent"
"http://dbpedia.org/resource/Frank_Herbert","Frank Herbert","Person"
"http://dbpedia.org/resource/Frank_Herbert","Frank Herbert","Writer"
"http://dbpedia.org/resource/Family_Guy","Family Guy","Work"
"http://dbpedia.org/resource/Family_Guy","Family Guy","TelevisionShow"
"http://dbpedia.org/resource/Suriname","Suriname","Country"
"http://dbpedia.org/resource/Suriname","Suriname","Place"
"http://dbpedia.org/resource/Suriname","Suriname","Location"
"http://dbpedia.org/resource/Suriname","Suriname","PopulatedPlace"
"http://dbpedia.org/resource/Hotel_California","Hotel California","Song"
"http://dbpedia.org/resource/Hotel_California","Hotel California","Single"
"http://dbpedia.org/resource/Hotel_California","Hotel California","Work"
"http://dbpedia.org/resource/Hotel_California","Hotel California","MusicalWork"
"http://dbpedia.org/resource/William_Shatner","William Shatner","Agent"
"http://dbpedia.org/resource/William_Shatner","William Shatner","Person"
"http://dbpedia.org/resource/Sweden","Schweden","MusicalArtist"
"http://dbpedia.org/resource/Sweden","Schweden","Country"
"http://dbpedia.org/resource/Sweden","Schweden","Place"
"http://dbpedia.org/resource/Sweden","Schweden","PopulatedPlace"
"http://dbpedia.org/resource/Sweden","Schweden","Location"
"http://dbpedia.org/resource/Sweden","Schweden","MusicalArtist"
"http://dbpedia.org/resource/Sweden","Schweden","Country"
"http://dbpedia.org/resource/Sweden","Schweden","Place"
"http://dbpedia.org/resource/Sweden","Schweden","PopulatedPlace"
"http://dbpedia.org/resource/Sweden","Schweden","Location"
"http://dbpedia.org/resource/Carrot_cake","Rüeblitorte","Food"
"http://dbpedia.org/resource/Neymar","Neymar","Agent"
"http://dbpedia.org/resource/Neymar","Neymar","SoccerPlayer"
"http://dbpedia.org/resource/Neymar","Neymar","Athlete"
"http://dbpedia.org/resource/Neymar","Neymar","Person"
"http://dbpedia.org/resource/Real_Madrid_CF","Real Madrid","Agent"
"http://dbpedia.org/resource/Real_Madrid_CF","Real Madrid","Organisation"
"http://dbpedia.org/resource/Real_Madrid_CF","Real Madrid","SoccerClub"
"http://dbpedia.org/resource/Real_Madrid_CF","Real Madrid","SportsClub"
"http://dbpedia.org/resource/Computer_science","Informatik","University"
"http://dbpedia.org/resource/Computer_science","Informatik","ProgrammingLanguage"
"http://dbpedia.org/resource/Academy_Awards","Oscar","Award"
"http://dbpedia.org/resource/Academy_Awards","Oscar","TelevisionShow"
"http://dbpedia.org/resource/Google","Google LLC","Agent"
"http://dbpedia.org/resource/Google","Google LLC","Company"
"http://dbpedia.org/resource/Google","Google LLC","Organisation"
"http://dbpedia.org/resource/Secret_Intelligence_Service","Secret Intelligence Service","Agent"
"http://dbpedia.org/resource/Secret_Intelligence_Service","Secret Intelligence Service","Organisation"
"http://dbpedia.org/resource/Secret_Intelligence_Service","Secret Intelligence Service","GovernmentAgency"
"http://dbpedia.org/resource/Secret_Intelligence_Service","Secret Intelligence Service","MilitaryUnit"
"http://dbpedia.org/resource/United_Kingdom","Großbritannien (Insel)","Country"
"http://dbpedia.org/resource/United_Kingdom","Großbritannien (Insel)","Place"
"http://dbpedia.org/resource/United_Kingdom","Großbritannien (Insel)","PopulatedPlace"
"http://dbpedia.org/resource/United_Kingdom","Großbritannien (Insel)","Location"
"http://dbpedia.org/resource/Cuban_Missile_Crisis","Kubakrise","MilitaryConflict"
"http://dbpedia.org/resource/Cuban_Missile_Crisis","Kubakrise","Event"
"http://dbpedia.org/resource/Cuban_Missile_Crisis","Kubakrise","SocietalEvent"
"http://dbpedia.org/resource/Bay_of_Pigs_Invasion","Invasion in der Schweinebucht","MilitaryConflict"
"http://dbpedia.org/resource/Bay_of_Pigs_Invasion","Invasion in der Schweinebucht","Event"
"http://dbpedia.org/resource/Bay_of_Pigs_Invasion","Invasion in der Schweinebucht","SocietalEvent"
"http://dbpedia.org/resource/Ming_dynasty","Ming-Dynastie","Country"
"http://dbpedia.org/resource/Ming_dynasty","Ming-Dynastie","Place"
"http://dbpedia.org/resource/Ming_dynasty","Ming-Dynastie","Location"
"http://dbpedia.org/resource/Ming_dynasty","Ming-Dynastie","PopulatedPlace"
"http://dbpedia.org/resource/The_Sopranos","Die Sopranos","Work"
"http://dbpedia.org/resource/The_Sopranos","Die Sopranos","TelevisionShow"
"http://dbpedia.org/resource/Melbourne,_Florida","Melbourne (Florida)","Settlement"
"http://dbpedia.org/resource/Melbourne,_Florida","Melbourne (Florida)","City"
"http://dbpedia.org/resource/Melbourne,_Florida","Melbourne (Florida)","Place"
"http://dbpedia.org/resource/Melbourne,_Florida","Melbourne (Florida)","Location"
"http://dbpedia.org/resource/Melbourne,_Florida","Melbourne (Florida)","PopulatedPlace"
"http://dbpedia.org/resource/Arnold_Schwarzenegger","Arnold Schwarzenegger","Politician"
"http://dbpedia.org/resource/Arnold_Schwarzenegger","Arnold Schwarzenegger","Agent"
"http://dbpedia.org/resource/Arnold_Schwarzenegger","Arnold Schwarzenegger","Person"
"http://dbpedia.org/resource/Mount_Everest","Mount Everest","NaturalPlace"
"http://dbpedia.org/resource/Mount_Everest","Mount Everest","Mountain"
"http://dbpedia.org/resource/Mount_Everest","Mount Everest","Place"
"http://dbpedia.org/resource/Mount_Everest","Mount Everest","Location"
"http://dbpedia.org/resource/Australia","Australien","MusicalArtist"
"http://dbpedia.org/resource/Australia","Australien","Country"
"http://dbpedia.org/resource/Australia","Australien","Place"
"http://dbpedia.org/resource/Australia","Australien","PopulatedPlace"
"http://dbpedia.org/resource/Australia","Australien","Location"
"http://dbpedia.org/resource/NASA","NASA","Company"
"http://dbpedia.org/resource/NASA","NASA","Organisation"
"http://dbpedia.org/resource/Tel_Aviv","Tel Aviv-Jaffa","Settlement"
"http://dbpedia.org/resource/Tel_Aviv","Tel Aviv-Jaffa","City"
"http://dbpedia.org/resource/Tel_Aviv","Tel Aviv-Jaffa","Place"
"http://dbpedia.org/resource/Tel_Aviv","Tel Aviv-Jaffa","Location"
"http://dbpedia.org/resource/Tel_Aviv","Tel Aviv-Jaffa","PopulatedPlace"
"http://dbpedia.org/resource/The_Sopranos","Die Sopranos","Work"
"http://dbpedia.org/resource/The_Sopranos","Die Sopranos","TelevisionShow"
"http://dbpedia.org/resource/Batman","Batman","Agent"
"http://dbpedia.org/resource/Batman","Batman","FictionalCharacter"
"http://dbpedia.org/resource/Batman","Batman","ComicsCharacter"
"http://dbpedia.org/resource/Batman","Batman","TelevisionShow"
"http://dbpedia.org/resource/Gus_Fring","Gustavo Fring","Agent"
"http://dbpedia.org/resource/Gus_Fring","Gustavo Fring","FictionalCharacter"
"http://dbpedia.org/resource/GIMP","GIMP","Work"
"http://dbpedia.org/resource/GIMP","GIMP","Software"
"http://dbpedia.org/resource/GIMP","GIMP","Person"
"http://dbpedia.org/resource/Cocoa_bean","Kakaobohne","Currency"
"http://dbpedia.org/resource/Forbes","Forbes (Zeitschrift)","WrittenWork"
"http://dbpedia.org/resource/Forbes","Forbes (Zeitschrift)","PeriodicalLiterature"
"http://dbpedia.org/resource/Forbes","Forbes (Zeitschrift)","Work"
"http://dbpedia.org/resource/Forbes","Forbes (Zeitschrift)","Magazine"
"http://dbpedia.org/resource/Australia","Australien","MusicalArtist"
"http://dbpedia.org/resource/Australia","Australien","Country"
"http://dbpedia.org/resource/Australia","Australien","Place"
"http://dbpedia.org/resource/Australia","Australien","PopulatedPlace"
"http://dbpedia.org/resource/Australia","Australien","Location"
"http://dbpedia.org/resource/Surfing","Wellenreiten","Sport"
"http://dbpedia.org/resource/Surfing","Wellenreiten","Activity"
"http://dbpedia.org/resource/Surfing","Wellenreiten","PersonFunction"
"http://dbpedia.org/resource/Australia","Australien","MusicalArtist"
"http://dbpedia.org/resource/Australia","Australien","Country"
"http://dbpedia.org/resource/Australia","Australien","Place"
"http://dbpedia.org/resource/Australia","Australien","PopulatedPlace"
"http://dbpedia.org/resource/Australia","Australien","Location"
"http://dbpedia.org/resource/Electronics","Elektronik","MusicGenre"
"http://dbpedia.org/resource/Electronics","Elektronik","Work"
"http://dbpedia.org/resource/Beijing","Peking","Settlement"
"http://dbpedia.org/resource/Beijing","Peking","City"
"http://dbpedia.org/resource/Beijing","Peking","Place"
"http://dbpedia.org/resource/Beijing","Peking","Location"
"http://dbpedia.org/resource/Beijing","Peking","PopulatedPlace"
"http://dbpedia.org/resource/Aldi","Aldi","Agent"
"http://dbpedia.org/resource/Aldi","Aldi","Company"
"http://dbpedia.org/resource/Aldi","Aldi","Organisation"
"http://dbpedia.org/resource/Cameroon","Kamerun","MusicalArtist"
"http://dbpedia.org/resource/Cameroon","Kamerun","Country"
"http://dbpedia.org/resource/Cameroon","Kamerun","Place"
"http://dbpedia.org/resource/Cameroon","Kamerun","Location"
"http://dbpedia.org/resource/Cameroon","Kamerun","PopulatedPlace"
"http://dbpedia.org/resource/Abraham_Lincoln","Abraham Lincoln","Politician"
"http://dbpedia.org/resource/Abraham_Lincoln","Abraham Lincoln","Agent"
"http://dbpedia.org/resource/Abraham_Lincoln","Abraham Lincoln","OfficeHolder"
"http://dbpedia.org/resource/Abraham_Lincoln","Abraham Lincoln","Person"
"http://dbpedia.org/resource/Francis_Ford_Coppola","Francis Ford Coppola","Agent"
"http://dbpedia.org/resource/Francis_Ford_Coppola","Francis Ford Coppola","Person"
"http://dbpedia.org/resource/Tim_Burton","Tim Burton","Agent"
"http://dbpedia.org/resource/Tim_Burton","Tim Burton","Person"
"http://dbpedia.org/resource/Breaking_Bad","Breaking Bad","Work"
"http://dbpedia.org/resource/Breaking_Bad","Breaking Bad","TelevisionShow"
"http://dbpedia.org/resource/Game_of_Thrones","Game of Thrones","Work"
"http://dbpedia.org/resource/Game_of_Thrones","Game of Thrones","TelevisionShow"
"http://dbpedia.org/resource/Natalie_Portman","Natalie Portman","Agent"
"http://dbpedia.org/resource/Natalie_Portman","Natalie Portman","Person"
"http://dbpedia.org/resource/United_States","Vereinigte Staaten","Country"
"http://dbpedia.org/resource/United_States","Vereinigte Staaten","Person"
"http://dbpedia.org/resource/United_States","Vereinigte Staaten","Place"
"http://dbpedia.org/resource/United_States","Vereinigte Staaten","Location"
"http://dbpedia.org/resource/United_States","Vereinigte Staaten","PopulatedPlace"
"http://dbpedia.org/resource/Elvis_Presley","Elvis Presley","MusicalArtist"
"http://dbpedia.org/resource/Elvis_Presley","Elvis Presley","Agent"
"http://dbpedia.org/resource/Elvis_Presley","Elvis Presley","Band"
"http://dbpedia.org/resource/Elvis_Presley","Elvis Presley","Person"
"http://dbpedia.org/resource/Mickey_Rourke","Mickey Rourke","Agent"
"http://dbpedia.org/resource/Mickey_Rourke","Mickey Rourke","Person"
"http://dbpedia.org/resource/Guy_Ritchie","Guy Ritchie","Agent"
"http://dbpedia.org/resource/Guy_Ritchie","Guy Ritchie","Person"
"http://dbpedia.org/resource/Count_Dracula","Graf Dracula","Agent"
"http://dbpedia.org/resource/Count_Dracula","Graf Dracula","FictionalCharacter"
"http://dbpedia.org/resource/Count_Dracula","Graf Dracula","Person"
"http://dbpedia.org/resource/Miffy","Nijntje","Mammal"
"http://dbpedia.org/resource/Miffy","Nijntje","Agent"
"http://dbpedia.org/resource/Miffy","Nijntje","FictionalCharacter"
"http://dbpedia.org/resource/Batman","Batman","Agent"
"http://dbpedia.org/resource/Batman","Batman","FictionalCharacter"
"http://dbpedia.org/resource/Batman","Batman","ComicsCharacter"
"http://dbpedia.org/resource/Batman","Batman","TelevisionShow"
"http://dbpedia.org/resource/Russia","Russland","Country"
"http://dbpedia.org/resource/Russia","Russland","Place"
"http://dbpedia.org/resource/Russia","Russland","PopulatedPlace"
"http://dbpedia.org/resource/Russia","Russland","Location"
"http://dbpedia.org/resource/Facebook","Facebook","Company"
"http://dbpedia.org/resource/Facebook","Facebook","Work"
"http://dbpedia.org/resource/Facebook","Facebook","Website"
"http://dbpedia.org/resource/Grunge","Grunge","MusicGenre"
"http://dbpedia.org/resource/Grunge","Grunge","TopicalConcept"
"http://dbpedia.org/resource/Grunge","Grunge","Genre"
"http://dbpedia.org/resource/Canada","Kanada","MusicalArtist"
"http://dbpedia.org/resource/Canada","Kanada","Country"
"http://dbpedia.org/resource/Canada","Kanada","Place"
"http://dbpedia.org/resource/Canada","Kanada","Location"
"http://dbpedia.org/resource/Canada","Kanada","PopulatedPlace"
"http://dbpedia.org/resource/Benjamin_Franklin","Benjamin Franklin","Politician"
"http://dbpedia.org/resource/Benjamin_Franklin","Benjamin Franklin","Agent"
"http://dbpedia.org/resource/Benjamin_Franklin","Benjamin Franklin","OfficeHolder"
"http://dbpedia.org/resource/Benjamin_Franklin","Benjamin Franklin","Person"
"http://dbpedia.org/resource/Margaret_Thatcher","Margaret Thatcher","Politician"
"http://dbpedia.org/resource/Margaret_Thatcher","Margaret Thatcher","Agent"
"http://dbpedia.org/resource/Margaret_Thatcher","Margaret Thatcher","OfficeHolder"
"http://dbpedia.org/resource/Margaret_Thatcher","Margaret Thatcher","Person"
"http://dbpedia.org/resource/Melon_de_Bourgogne","Melon de Bourgogne","Plant"
"http://dbpedia.org/resource/Melon_de_Bourgogne","Melon de Bourgogne","Grape"
"http://dbpedia.org/resource/Melon_de_Bourgogne","Melon de Bourgogne","Eukaryote"
"http://dbpedia.org/resource/Melon_de_Bourgogne","Melon de Bourgogne","Species"
"http://dbpedia.org/resource/Melon_de_Bourgogne","Melon de Bourgogne","FloweringPlant"
"http://dbpedia.org/resource/Meryl_Streep","Meryl Streep","Agent"
"http://dbpedia.org/resource/Meryl_Streep","Meryl Streep","Person"
"http://dbpedia.org/resource/Hylidae","Laubfrösche (Familie)","Insect"
"http://dbpedia.org/resource/Velvet_Goldmine","Velvet Goldmine","Film"
"http://dbpedia.org/resource/Velvet_Goldmine","Velvet Goldmine","Work"
"http://dbpedia.org/resource/Christian_Bale","Christian Bale","Agent"
"http://dbpedia.org/resource/Christian_Bale","Christian Bale","Person"
"http://dbpedia.org/resource/GMT_Games","GMT Games","Agent"
"http://dbpedia.org/resource/GMT_Games","GMT Games","Company"
"http://dbpedia.org/resource/GMT_Games","GMT Games","Organisation"
"http://dbpedia.org/resource/GMT_Games","GMT Games","Publisher"
"http://dbpedia.org/resource/Isar","Isar","NaturalPlace"
"http://dbpedia.org/resource/Isar","Isar","BodyOfWater"
"http://dbpedia.org/resource/Isar","Isar","River"
"http://dbpedia.org/resource/Isar","Isar","Stream"
"http://dbpedia.org/resource/Isar","Isar","Place"
"http://dbpedia.org/resource/Isar","Isar","Location"
"http://dbpedia.org/resource/Yeti_Airlines","Yeti Airlines","Agent"
"http://dbpedia.org/resource/Yeti_Airlines","Yeti Airlines","Company"
"http://dbpedia.org/resource/Yeti_Airlines","Yeti Airlines","Organisation"
"http://dbpedia.org/resource/Yeti_Airlines","Yeti Airlines","Airline"
"http://dbpedia.org/resource/Yeti_Airlines","Yeti Airlines","PublicTransitSystem"
"http://dbpedia.org/resource/India","Indien","MusicalArtist"
"http://dbpedia.org/resource/India","Indien","Country"
"http://dbpedia.org/resource/India","Indien","Place"
"http://dbpedia.org/resource/India","Indien","Location"
"http://dbpedia.org/resource/India","Indien","PopulatedPlace"
"http://dbpedia.org/resource/Wikipedia","Wikipedia","Book"
"http://dbpedia.org/resource/Wikipedia","Wikipedia","Work"
"http://dbpedia.org/resource/Wikipedia","Wikipedia","Website"
"http://dbpedia.org/resource/Tom_Hanks","Tom Hanks","Agent"
"http://dbpedia.org/resource/Tom_Hanks","Tom Hanks","Person"
"http://dbpedia.org/resource/Rita_Wilson","Rita Wilson","Agent"
"http://dbpedia.org/resource/Rita_Wilson","Rita Wilson","Person"
"http://dbpedia.org/resource/Barack_Obama","Barack Obama","Politician"
"http://dbpedia.org/resource/Barack_Obama","Barack Obama","Agent"
"http://dbpedia.org/resource/Barack_Obama","Barack Obama","OfficeHolder"
"http://dbpedia.org/resource/Barack_Obama","Barack Obama","Person"
"http://dbpedia.org/resource/Slovenia","Sozialistische Republik Slowenien","Country"
"http://dbpedia.org/resource/Slovenia","Sozialistische Republik Slowenien","Place"
"http://dbpedia.org/resource/Slovenia","Sozialistische Republik Slowenien","PopulatedPlace"
"http://dbpedia.org/resource/Slovenia","Sozialistische Republik Slowenien","Location"
"http://dbpedia.org/resource/Eritrea","Eritrea","Country"
"http://dbpedia.org/resource/Eritrea","Eritrea","Place"
"http://dbpedia.org/resource/Eritrea","Eritrea","Location"
"http://dbpedia.org/resource/Eritrea","Eritrea","PopulatedPlace"
"http://dbpedia.org/resource/Eritrea","Eritrea","Country"
"http://dbpedia.org/resource/Eritrea","Eritrea","Place"
"http://dbpedia.org/resource/Eritrea","Eritrea","Location"
"http://dbpedia.org/resource/Eritrea","Eritrea","PopulatedPlace"
"http://dbpedia.org/resource/Stanley_Kubrick","Stanley Kubrick","Person"
"http://dbpedia.org/resource/War_and_Peace","Krieg und Frieden","WrittenWork"
"http://dbpedia.org/resource/War_and_Peace","Krieg und Frieden","Book"
"http://dbpedia.org/resource/War_and_Peace","Krieg und Frieden","Work"
"http://dbpedia.org/resource/Premier_League","Premier League","Agent"
"http://dbpedia.org/resource/Premier_League","Premier League","SoccerLeague"
"http://dbpedia.org/resource/Premier_League","Premier League","Organisation"
"http://dbpedia.org/resource/Premier_League","Premier League","SportsLeague"
"http://dbpedia.org/resource/Italy","Italien","Country"
"http://dbpedia.org/resource/Italy","Italien","Person"
"http://dbpedia.org/resource/Italy","Italien","Place"
"http://dbpedia.org/resource/Italy","Italien","Location"
"http://dbpedia.org/resource/Italy","Italien","PopulatedPlace"
"http://dbpedia.org/resource/Claudia_Schiffer","Claudia Schiffer","Agent"
"http://dbpedia.org/resource/Claudia_Schiffer","Claudia Schiffer","Model"
"http://dbpedia.org/resource/Claudia_Schiffer","Claudia Schiffer","Person"
"http://dbpedia.org/resource/Lufthansa","Lufthansa","Agent"
"http://dbpedia.org/resource/Lufthansa","Lufthansa","Company"
"http://dbpedia.org/resource/Lufthansa","Lufthansa","Organisation"
"http://dbpedia.org/resource/Lufthansa","Lufthansa","Airline"
"http://dbpedia.org/resource/Lufthansa","Lufthansa","PublicTransitSystem"
"http://dbpedia.org/resource/Dortmund_Airport","Flughafen Dortmund","ArchitecturalStructure"
"http://dbpedia.org/resource/Dortmund_Airport","Flughafen Dortmund","Airport"
"http://dbpedia.org/resource/Dortmund_Airport","Flughafen Dortmund","Infrastructure"
"http://dbpedia.org/resource/Berlin_Tegel_Airport","Flughafen Berlin-Tegel","ArchitecturalStructure"
"http://dbpedia.org/resource/Berlin_Tegel_Airport","Flughafen Berlin-Tegel","Airport"
"http://dbpedia.org/resource/Berlin_Tegel_Airport","Flughafen Berlin-Tegel","Infrastructure"
"http://dbpedia.org/resource/Titanic_(1997_film)","Titanic","Film"
"http://dbpedia.org/resource/Titanic_(1997_film)","Titanic","Work"
"http://dbpedia.org/resource/Akira_Kurosawa","Akira Kurosawa","Agent"
"http://dbpedia.org/resource/Akira_Kurosawa","Akira Kurosawa","Person"
"http://dbpedia.org/resource/Elvis_Presley","Elvis Presley","MusicalArtist"
"http://dbpedia.org/resource/Elvis_Presley","Elvis Presley","Agent"
"http://dbpedia.org/resource/Elvis_Presley","Elvis Presley","Band"
"http://dbpedia.org/resource/Elvis_Presley","Elvis Presley","Person"
"http://dbpedia.org/resource/Rome","Rom (Deux-Sèvres)","Settlement"
"http://dbpedia.org/resource/Rome","Rom (Deux-Sèvres)","Country"
"http://dbpedia.org/resource/Rome","Rom (Deux-Sèvres)","City"
"http://dbpedia.org/resource/Rome","Rom (Deux-Sèvres)","Place"
"http://dbpedia.org/resource/Rome","Rom (Deux-Sèvres)","Location"
"http://dbpedia.org/resource/Rome","Rom (Deux-Sèvres)","PopulatedPlace"
"http://dbpedia.org/resource/China","China","Country"
"http://dbpedia.org/resource/China","China","Place"
"http://dbpedia.org/resource/China","China","Location"
"http://dbpedia.org/resource/China","China","PopulatedPlace"
"http://dbpedia.org/resource/DBpedia","DBpedia","Work"
"http://dbpedia.org/resource/DBpedia","DBpedia","Software"
"http://dbpedia.org/resource/DBpedia","DBpedia","Band"
"http://dbpedia.org/resource/Abraham_Lincoln","Abraham Lincoln","Politician"
"http://dbpedia.org/resource/Abraham_Lincoln","Abraham Lincoln","Agent"
"http://dbpedia.org/resource/Abraham_Lincoln","Abraham Lincoln","OfficeHolder"
"http://dbpedia.org/resource/Abraham_Lincoln","Abraham Lincoln","Person"
"http://dbpedia.org/resource/Netherlands","Niederlande","Country"
"http://dbpedia.org/resource/Netherlands","Niederlande","Place"
"http://dbpedia.org/resource/Netherlands","Niederlande","Location"
"http://dbpedia.org/resource/Netherlands","Niederlande","PopulatedPlace"
"http://dbpedia.org/resource/Nikos_Kazantzakis","Nikos Kazantzakis","Agent"
"http://dbpedia.org/resource/Nikos_Kazantzakis","Nikos Kazantzakis","Person"
"http://dbpedia.org/resource/Nikos_Kazantzakis","Nikos Kazantzakis","Writer"
"http://dbpedia.org/resource/Elizabeth_II","Elisabeth II.","Agent"
"http://dbpedia.org/resource/Elizabeth_II","Elisabeth II.","Royalty"
"http://dbpedia.org/resource/Elizabeth_II","Elisabeth II.","Person"
"http://dbpedia.org/resource/Canada","Kanada","MusicalArtist"
"http://dbpedia.org/resource/Canada","Kanada","Country"
"http://dbpedia.org/resource/Canada","Kanada","Place"
"http://dbpedia.org/resource/Canada","Kanada","Location"
"http://dbpedia.org/resource/Canada","Kanada","PopulatedPlace"
"http://dbpedia.org/resource/Nile","Nile","NaturalPlace"
"http://dbpedia.org/resource/Nile","Nile","BodyOfWater"
"http://dbpedia.org/resource/Nile","Nile","River"
"http://dbpedia.org/resource/Nile","Nile","Stream"
"http://dbpedia.org/resource/Nile","Nile","Place"
"http://dbpedia.org/resource/Nile","Nile","Location"
"http://dbpedia.org/resource/Hovercraft","Luftkissenfahrzeug","Ship"
"http://dbpedia.org/resource/Elvis_Presley","Elvis Presley","MusicalArtist"
"http://dbpedia.org/resource/Elvis_Presley","Elvis Presley","Agent"
"http://dbpedia.org/resource/Elvis_Presley","Elvis Presley","Band"
"http://dbpedia.org/resource/Elvis_Presley","Elvis Presley","Person"
"http://dbpedia.org/resource/Bill_Gates","Bill Gates","Agent"
"http://dbpedia.org/resource/Bill_Gates","Bill Gates","Person"
"http://dbpedia.org/resource/Japanese_language","Japanische Sprache","Language"
"http://dbpedia.org/resource/Muhammad_Ali","Muhammad Ali","Agent"
"http://dbpedia.org/resource/Muhammad_Ali","Muhammad Ali","Person"
"http://dbpedia.org/resource/Muhammad_Ali","Muhammad Ali","Boxer"
"http://dbpedia.org/resource/Barack_Obama","Barack Obama","Politician"
"http://dbpedia.org/resource/Barack_Obama","Barack Obama","Agent"
"http://dbpedia.org/resource/Barack_Obama","Barack Obama","OfficeHolder"
"http://dbpedia.org/resource/Barack_Obama","Barack Obama","Person"
"http://dbpedia.org/resource/Michelle_Obama","Michelle Obama","Politician"
"http://dbpedia.org/resource/Michelle_Obama","Michelle Obama","Agent"
"http://dbpedia.org/resource/Michelle_Obama","Michelle Obama","OfficeHolder"
"http://dbpedia.org/resource/Michelle_Obama","Michelle Obama","Person"
"http://dbpedia.org/resource/Berlin","West-Berlin","Settlement"
"http://dbpedia.org/resource/Berlin","West-Berlin","City"
"http://dbpedia.org/resource/Berlin","West-Berlin","Place"
"http://dbpedia.org/resource/Berlin","West-Berlin","Location"
"http://dbpedia.org/resource/Berlin","West-Berlin","PopulatedPlace"
"http://dbpedia.org/resource/Last_Action_Hero","Last Action Hero","Film"
"http://dbpedia.org/resource/Last_Action_Hero","Last Action Hero","Work"
"http://dbpedia.org/resource/San_Francisco","San Francisco","Building"
"http://dbpedia.org/resource/San_Francisco","San Francisco","Settlement"
"http://dbpedia.org/resource/San_Francisco","San Francisco","City"
"http://dbpedia.org/resource/San_Francisco","San Francisco","Place"
"http://dbpedia.org/resource/San_Francisco","San Francisco","Location"
"http://dbpedia.org/resource/San_Francisco","San Francisco","PopulatedPlace"
"http://dbpedia.org/resource/Queen_(band)","Queen (Band)","MusicalArtist"
"http://dbpedia.org/resource/Queen_(band)","Queen (Band)","Agent"
"http://dbpedia.org/resource/Queen_(band)","Queen (Band)","Group"
"http://dbpedia.org/resource/Queen_(band)","Queen (Band)","Organisation"
"http://dbpedia.org/resource/Queen_(band)","Queen (Band)","Band"
"http://dbpedia.org/resource/Walt_Disney","Walt Disney","Politician"
"http://dbpedia.org/resource/Walt_Disney","Walt Disney","Agent"
"http://dbpedia.org/resource/Walt_Disney","Walt Disney","Person"
"http://dbpedia.org/resource/Sitecore","Sitecore","Agent"
"http://dbpedia.org/resource/Sitecore","Sitecore","Company"
"http://dbpedia.org/resource/Sitecore","Sitecore","Organisation"
"http://dbpedia.org/resource/Lance_Bass","Lance Bass","MusicalArtist"
"http://dbpedia.org/resource/Lance_Bass","Lance Bass","Agent"
"http://dbpedia.org/resource/Lance_Bass","Lance Bass","Person"
"http://dbpedia.org/resource/Canada","Kanada","MusicalArtist"
"http://dbpedia.org/resource/Canada","Kanada","Country"
"http://dbpedia.org/resource/Canada","Kanada","Place"
"http://dbpedia.org/resource/Canada","Kanada","Location"
"http://dbpedia.org/resource/Canada","Kanada","PopulatedPlace"
"http://dbpedia.org/resource/Vincent_van_Gogh","Vincent van Gogh","Artist"
"http://dbpedia.org/resource/Vincent_van_Gogh","Vincent van Gogh","Agent"
"http://dbpedia.org/resource/Vincent_van_Gogh","Vincent van Gogh","Person"
"http://dbpedia.org/resource/Vincent_van_Gogh","Vincent van Gogh","Writer"
"http://dbpedia.org/resource/Andrew_Jackson","Andrew Jackson","Politician"
"http://dbpedia.org/resource/Andrew_Jackson","Andrew Jackson","Agent"
"http://dbpedia.org/resource/Andrew_Jackson","Andrew Jackson","OfficeHolder"
"http://dbpedia.org/resource/Andrew_Jackson","Andrew Jackson","Person"
"http://dbpedia.org/resource/Game_of_Thrones","Game of Thrones","Work"
"http://dbpedia.org/resource/Game_of_Thrones","Game of Thrones","TelevisionShow"
"http://dbpedia.org/resource/Brooklyn_Bridge","Brooklyn Bridge","ArchitecturalStructure"
"http://dbpedia.org/resource/Brooklyn_Bridge","Brooklyn Bridge","Infrastructure"
"http://dbpedia.org/resource/Brooklyn_Bridge","Brooklyn Bridge","Bridge"
"http://dbpedia.org/resource/Brooklyn_Bridge","Brooklyn Bridge","RouteOfTransportation"
"http://dbpedia.org/resource/Boris_Becker","Boris Becker","Agent"
"http://dbpedia.org/resource/Boris_Becker","Boris Becker","TennisPlayer"
"http://dbpedia.org/resource/Boris_Becker","Boris Becker","Athlete"
"http://dbpedia.org/resource/Boris_Becker","Boris Becker","Person"
"http://dbpedia.org/resource/Oregon_wine","Weinbau in Oregon","WineRegion"
"http://dbpedia.org/resource/Oregon_wine","Weinbau in Oregon","Place"
"http://dbpedia.org/resource/Oregon_wine","Weinbau in Oregon","Location"
"http://dbpedia.org/resource/Michael_Jordan","Michael Jordan","Agent"
"http://dbpedia.org/resource/Michael_Jordan","Michael Jordan","Athlete"
"http://dbpedia.org/resource/Michael_Jordan","Michael Jordan","Person"
"http://dbpedia.org/resource/Michael_Jordan","Michael Jordan","BasketballPlayer"
"http://dbpedia.org/resource/Paris","Paris","Settlement"
"http://dbpedia.org/resource/Paris","Paris","City"
"http://dbpedia.org/resource/Paris","Paris","Place"
"http://dbpedia.org/resource/Paris","Paris","Location"
"http://dbpedia.org/resource/Paris","Paris","PopulatedPlace"
"http://dbpedia.org/resource/The_Pillars_of_the_Earth","Die Säulen der Erde","WrittenWork"
"http://dbpedia.org/resource/The_Pillars_of_the_Earth","Die Säulen der Erde","Book"
"http://dbpedia.org/resource/The_Pillars_of_the_Earth","Die Säulen der Erde","Work"
"http://dbpedia.org/resource/Mount_Everest","Mount Everest","NaturalPlace"
"http://dbpedia.org/resource/Mount_Everest","Mount Everest","Mountain"
"http://dbpedia.org/resource/Mount_Everest","Mount Everest","Place"
"http://dbpedia.org/resource/Mount_Everest","Mount Everest","Location"
"http://dbpedia.org/resource/Albert_Einstein","Albert Einstein","Agent"
"http://dbpedia.org/resource/Albert_Einstein","Albert Einstein","Scientist"
"http://dbpedia.org/resource/Albert_Einstein","Albert Einstein","Person"
"http://dbpedia.org/resource/Sylvester_Stallone","Sylvester Stallone","Agent"
"http://dbpedia.org/resource/Sylvester_Stallone","Sylvester Stallone","Person"
"http://dbpedia.org/resource/Czech_Republic","Tschechien","MusicalArtist"
"http://dbpedia.org/resource/Czech_Republic","Tschechien","Country"
"http://dbpedia.org/resource/Czech_Republic","Tschechien","Place"
"http://dbpedia.org/resource/Czech_Republic","Tschechien","Location"
"http://dbpedia.org/resource/Czech_Republic","Tschechien","PopulatedPlace"
"http://dbpedia.org/resource/Aristotle","Aristoteles","Agent"
"http://dbpedia.org/resource/Aristotle","Aristoteles","Philosopher"
"http://dbpedia.org/resource/Aristotle","Aristoteles","Person"
"http://dbpedia.org/resource/Socrates","Sokrates","Agent"
"http://dbpedia.org/resource/Socrates","Sokrates","Philosopher"
"http://dbpedia.org/resource/Socrates","Sokrates","Person"
"http://dbpedia.org/resource/Salt_Lake_City","Salt Lake City","Settlement"
"http://dbpedia.org/resource/Salt_Lake_City","Salt Lake City","City"
"http://dbpedia.org/resource/Salt_Lake_City","Salt Lake City","Place"
"http://dbpedia.org/resource/Salt_Lake_City","Salt Lake City","Location"
"http://dbpedia.org/resource/Salt_Lake_City","Salt Lake City","PopulatedPlace"
"http://dbpedia.org/resource/Cher","Cher","MusicalArtist"
"http://dbpedia.org/resource/Cher","Cher","Agent"
"http://dbpedia.org/resource/Cher","Cher","Band"
"http://dbpedia.org/resource/Cher","Cher","Person"
"http://dbpedia.org/resource/Sonny_Bono","Sonny Bono","Person"
"http://dbpedia.org/resource/Headquarters_of_the_United_Nations","UNO-Hauptquartier","Building"
"http://dbpedia.org/resource/Headquarters_of_the_United_Nations","UNO-Hauptquartier","ArchitecturalStructure"
"http://dbpedia.org/resource/Penguin_Books","Penguin Books","Building"
"http://dbpedia.org/resource/Penguin_Books","Penguin Books","Agent"
"http://dbpedia.org/resource/Penguin_Books","Penguin Books","Company"
"http://dbpedia.org/resource/Penguin_Books","Penguin Books","Organisation"
"http://dbpedia.org/resource/Penguin_Books","Penguin Books","Publisher"
"http://dbpedia.org/resource/Jack_Wolfskin","Jack Wolfskin","Agent"
"http://dbpedia.org/resource/Jack_Wolfskin","Jack Wolfskin","Company"
"http://dbpedia.org/resource/Jack_Wolfskin","Jack Wolfskin","Organisation"
"http://dbpedia.org/resource/Jack_Wolfskin","Jack Wolfskin","Person"
"http://dbpedia.org/resource/Rotterdam","Rotterdam","Settlement"
"http://dbpedia.org/resource/Rotterdam","Rotterdam","City"
"http://dbpedia.org/resource/Rotterdam","Rotterdam","Place"
"http://dbpedia.org/resource/Rotterdam","Rotterdam","Location"
"http://dbpedia.org/resource/Rotterdam","Rotterdam","PopulatedPlace"
"http://dbpedia.org/resource/Sweden","Schweden","MusicalArtist"
"http://dbpedia.org/resource/Sweden","Schweden","Country"
"http://dbpedia.org/resource/Sweden","Schweden","Place"
"http://dbpedia.org/resource/Sweden","Schweden","PopulatedPlace"
"http://dbpedia.org/resource/Sweden","Schweden","Location"
"http://dbpedia.org/resource/Ernest_Hemingway","Ernest Hemingway","Agent"
"http://dbpedia.org/resource/Ernest_Hemingway","Ernest Hemingway","Person"
"http://dbpedia.org/resource/Ernest_Hemingway","Ernest Hemingway","Writer"
"http://dbpedia.org/resource/Autobiography","Autobiografie","MusicGenre"
"http://dbpedia.org/resource/Autobiography","Autobiografie","Book"
"http://dbpedia.org/resource/Juan_Carlos_I_of_Spain","Juan Carlos I.","Royalty"
"http://dbpedia.org/resource/Nikola_Tesla","Nikola Tesla","Agent"
"http://dbpedia.org/resource/Nikola_Tesla","Nikola Tesla","Person"
"http://dbpedia.org/resource/Nobel_Prize_in_Physics","Nobelpreis für Physik","Award"
"http://dbpedia.org/resource/Proinsulin","Cystic Fibrosis Transmembrane Conductance Regulator","Biomolecule"
"http://dbpedia.org/resource/Proinsulin","Cystic Fibrosis Transmembrane Conductance Regulator","ChemicalCompound"
"http://dbpedia.org/resource/Queen_Victoria","Victoria (Vereinigtes Königreich)","Agent"
"http://dbpedia.org/resource/Queen_Victoria","Victoria (Vereinigtes Königreich)","Royalty"
"http://dbpedia.org/resource/Queen_Victoria","Victoria (Vereinigtes Königreich)","Person"
"http://dbpedia.org/resource/Che_Guevara","Che Guevara","Politician"
"http://dbpedia.org/resource/Che_Guevara","Che Guevara","Agent"
"http://dbpedia.org/resource/Che_Guevara","Che Guevara","Person"
"http://dbpedia.org/resource/Lake_Baikal","Baikalsee","NaturalPlace"
"http://dbpedia.org/resource/Lake_Baikal","Baikalsee","BodyOfWater"
"http://dbpedia.org/resource/Lake_Baikal","Baikalsee","Lake"
"http://dbpedia.org/resource/Lake_Baikal","Baikalsee","Place"
"http://dbpedia.org/resource/Lake_Baikal","Baikalsee","Location"
"http://dbpedia.org/resource/Great_Bear_Lake","Großer Bärensee","NaturalPlace"
"http://dbpedia.org/resource/Great_Bear_Lake","Großer Bärensee","BodyOfWater"
"http://dbpedia.org/resource/Great_Bear_Lake","Großer Bärensee","Lake"
"http://dbpedia.org/resource/Great_Bear_Lake","Großer Bärensee","Place"
"http://dbpedia.org/resource/Great_Bear_Lake","Großer Bärensee","Location"
"http://dbpedia.org/resource/Aki_Kaurismäki","Aki Kaurismäki","Agent"
"http://dbpedia.org/resource/Aki_Kaurismäki","Aki Kaurismäki","Person"
"http://dbpedia.org/resource/Grand_Prix_(Cannes_Film_Festival)","Internationale Filmfestspiele von Cannes/Großer Preis der Jury","Award"
"http://dbpedia.org/resource/William_Goldman","William Goldman (Drehbuchautor)","Agent"
"http://dbpedia.org/resource/William_Goldman","William Goldman (Drehbuchautor)","Person"
"http://dbpedia.org/resource/William_Goldman","William Goldman (Drehbuchautor)","Writer"
"http://dbpedia.org/resource/Fort_Knox","Fort Knox","MilitaryUnit"
"http://dbpedia.org/resource/Fort_Knox","Fort Knox","Place"
"http://dbpedia.org/resource/Fort_Knox","Fort Knox","Location"
"http://dbpedia.org/resource/Fort_Knox","Fort Knox","MilitaryUnit"
"http://dbpedia.org/resource/Fort_Knox","Fort Knox","Place"
"http://dbpedia.org/resource/Fort_Knox","Fort Knox","Location"
"http://dbpedia.org/resource/United_States","Vereinigte Staaten","Country"
"http://dbpedia.org/resource/United_States","Vereinigte Staaten","Person"
"http://dbpedia.org/resource/United_States","Vereinigte Staaten","Place"
"http://dbpedia.org/resource/United_States","Vereinigte Staaten","Location"
"http://dbpedia.org/resource/United_States","Vereinigte Staaten","PopulatedPlace"
"http://dbpedia.org/resource/Syngman_Rhee","Rhee Syng-man","Politician"
"http://dbpedia.org/resource/Syngman_Rhee","Rhee Syng-man","Agent"
"http://dbpedia.org/resource/Syngman_Rhee","Rhee Syng-man","OfficeHolder"
"http://dbpedia.org/resource/Syngman_Rhee","Rhee Syng-man","Person"
"http://dbpedia.org/resource/Manhattan_Project","Manhattan-Projekt","Agent"
"http://dbpedia.org/resource/Manhattan_Project","Manhattan-Projekt","Organisation"
"http://dbpedia.org/resource/Manhattan_Project","Manhattan-Projekt","MilitaryUnit"
"http://dbpedia.org/resource/Nobel_Peace_Prize","Friedensnobelpreis","Award"
"http://dbpedia.org/resource/Nobel_Peace_Prize","Friedensnobelpreis","TelevisionShow"
"http://dbpedia.org/resource/Foundation_series","Foundation-Zyklus","TelevisionShow"
"http://dbpedia.org/resource/New_Jersey","Province of New Jersey","Settlement"
"http://dbpedia.org/resource/New_Jersey","Province of New Jersey","AdministrativeRegion"
"http://dbpedia.org/resource/New_Jersey","Province of New Jersey","Region"
"http://dbpedia.org/resource/New_Jersey","Province of New Jersey","Place"
"http://dbpedia.org/resource/New_Jersey","Province of New Jersey","PopulatedPlace"
"http://dbpedia.org/resource/New_Jersey","Province of New Jersey","Location"
"http://dbpedia.org/resource/New_York_City","New York City","Settlement"
"http://dbpedia.org/resource/New_York_City","New York City","City"
"http://dbpedia.org/resource/New_York_City","New York City","Place"
"http://dbpedia.org/resource/New_York_City","New York City","Location"
"http://dbpedia.org/resource/New_York_City","New York City","PopulatedPlace"
"http://dbpedia.org/resource/Yokohama_Marine_Tower","Yokohama Marine Tower","ArchitecturalStructure"
"http://dbpedia.org/resource/Yokohama_Marine_Tower","Yokohama Marine Tower","Lighthouse"
"http://dbpedia.org/resource/Yokohama_Marine_Tower","Yokohama Marine Tower","Tower"
"http://dbpedia.org/resource/World_of_Warcraft","World of Warcraft","VideoGame"
"http://dbpedia.org/resource/World_of_Warcraft","World of Warcraft","Work"
"http://dbpedia.org/resource/World_of_Warcraft","World of Warcraft","Software"
"http://dbpedia.org/resource/Harold_and_Maude","Harold und Maude","Film"
"http://dbpedia.org/resource/The_Prodigy","The Prodigy","Agent"
"http://dbpedia.org/resource/The_Prodigy","The Prodigy","Group"
"http://dbpedia.org/resource/The_Prodigy","The Prodigy","Organisation"
"http://dbpedia.org/resource/The_Prodigy","The Prodigy","Band"
"http://dbpedia.org/resource/Spain","Spanien","Country"
"http://dbpedia.org/resource/Spain","Spanien","Place"
"http://dbpedia.org/resource/Spain","Spanien","Location"
"http://dbpedia.org/resource/Spain","Spanien","PopulatedPlace"
"http://dbpedia.org/resource/Benicio_del_Toro","Benicio del Toro","Agent"
"http://dbpedia.org/resource/Benicio_del_Toro","Benicio del Toro","Person"
"http://dbpedia.org/resource/TUI_Travel","TUI Travel","Agent"
"http://dbpedia.org/resource/TUI_Travel","TUI Travel","Company"
"http://dbpedia.org/resource/TUI_Travel","TUI Travel","Organisation"
"http://dbpedia.org/resource/TUI_Travel","TUI Travel","Band"
"http://dbpedia.org/resource/Glasgow_Airport","Flughafen Glasgow","ArchitecturalStructure"
"http://dbpedia.org/resource/Glasgow_Airport","Flughafen Glasgow","Airport"
"http://dbpedia.org/resource/Glasgow_Airport","Flughafen Glasgow","Infrastructure"
"http://dbpedia.org/resource/Dublin_Airport","Flughafen Dublin","ArchitecturalStructure"
"http://dbpedia.org/resource/Dublin_Airport","Flughafen Dublin","Airport"
"http://dbpedia.org/resource/Dublin_Airport","Flughafen Dublin","Infrastructure"
"http://dbpedia.org/resource/Mecca","Mekka","Settlement"
"http://dbpedia.org/resource/Mecca","Mekka","City"
"http://dbpedia.org/resource/Mecca","Mekka","Place"
"http://dbpedia.org/resource/Mecca","Mekka","Location"
"http://dbpedia.org/resource/Mecca","Mekka","PopulatedPlace"
"http://dbpedia.org/resource/Colombia","Kolumbien","MusicalArtist"
"http://dbpedia.org/resource/Colombia","Kolumbien","Country"
"http://dbpedia.org/resource/Colombia","Kolumbien","Place"
"http://dbpedia.org/resource/Colombia","Kolumbien","PopulatedPlace"
"http://dbpedia.org/resource/Colombia","Kolumbien","Location"
"http://dbpedia.org/resource/Spain","Spanien","Country"
"http://dbpedia.org/resource/Spain","Spanien","Place"
"http://dbpedia.org/resource/Spain","Spanien","Location"
"http://dbpedia.org/resource/Spain","Spanien","PopulatedPlace"
"http://dbpedia.org/resource/Surfing","Wellenreiten","Sport"
"http://dbpedia.org/resource/Surfing","Wellenreiten","Activity"
"http://dbpedia.org/resource/Surfing","Wellenreiten","PersonFunction"
"http://dbpedia.org/resource/Philippines","Philippinen","MusicalArtist"
"http://dbpedia.org/resource/Philippines","Philippinen","Country"
"http://dbpedia.org/resource/Philippines","Philippinen","Place"
"http://dbpedia.org/resource/Philippines","Philippinen","Location"
"http://dbpedia.org/resource/Philippines","Philippinen","PopulatedPlace"
"http://dbpedia.org/resource/Cola","Cola","Beverage"
"http://dbpedia.org/resource/Cola","Cola","Food"
"http://dbpedia.org/resource/Diana,_Princess_of_Wales","Diana, Princess of Wales","Agent"
"http://dbpedia.org/resource/Diana,_Princess_of_Wales","Diana, Princess of Wales","Royalty"
"http://dbpedia.org/resource/Diana,_Princess_of_Wales","Diana, Princess of Wales","Person"
"http://dbpedia.org/resource/Sparkling_wine","Schaumwein","Company"
"http://dbpedia.org/resource/France","Franca (São Paulo)","Country"
"http://dbpedia.org/resource/France","Franca (São Paulo)","Place"
"http://dbpedia.org/resource/France","Franca (São Paulo)","PopulatedPlace"
"http://dbpedia.org/resource/France","Franca (São Paulo)","Location"
"http://dbpedia.org/resource/BBC_Wildlife_Specials","BBC Wildlife Specials","Work"
"http://dbpedia.org/resource/BBC_Wildlife_Specials","BBC Wildlife Specials","TelevisionShow"
"http://dbpedia.org/resource/Battle_of_Gettysburg","Schlacht von Gettysburg","Event"
"http://dbpedia.org/resource/Battle_of_Gettysburg","Schlacht von Gettysburg","MilitaryConflict"
"http://dbpedia.org/resource/Battle_of_Gettysburg","Schlacht von Gettysburg","SocietalEvent"
"http://dbpedia.org/resource/Elton_John","Elton John","Person"
"http://dbpedia.org/resource/Elton_John","Elton John","MusicalArtist"
"http://dbpedia.org/resource/Elton_John","Elton John","Agent"
"http://dbpedia.org/resource/Bruce_Carver","Bruce Carver","Person"
"http://dbpedia.org/resource/John_F._Kennedy","John F. Kennedy","Person"
"http://dbpedia.org/resource/John_F._Kennedy","John F. Kennedy","Agent"
"http://dbpedia.org/resource/John_F._Kennedy","John F. Kennedy","OfficeHolder"
"http://dbpedia.org/resource/Berlin","Berlin","City"
"http://dbpedia.org/resource/Berlin","Berlin","Location"
"http://dbpedia.org/resource/Berlin","Berlin","Settlement"
"http://dbpedia.org/resource/Berlin","Berlin","PopulatedPlace"
"http://dbpedia.org/resource/Suriname","Suriname","Place"
"http://dbpedia.org/resource/Suriname","Suriname","Location"
"http://dbpedia.org/resource/Suriname","Suriname","PopulatedPlace"
"http://dbpedia.org/resource/Suriname","Suriname","Country"
"http://dbpedia.org/resource/France","France","Place"
"http://dbpedia.org/resource/France","France","Location"
"http://dbpedia.org/resource/France","France","Country"
"http://dbpedia.org/resource/Turkish_Ice_Hockey_First_League","Turkish Ice Hockey First League","IceHockeyLeague"
"http://dbpedia.org/resource/Turkish_Ice_Hockey_First_League","Turkish Ice Hockey First League","Organisation"
"http://dbpedia.org/resource/Turkish_Ice_Hockey_First_League","Turkish Ice Hockey First League","Agent"
"http://dbpedia.org/resource/Turkish_Ice_Hockey_First_League","Turkish Ice Hockey First League","SportsLeague"
"http://dbpedia.org/resource/Gulf_Ice_Hockey_Championship","Eishockeymeisterschaft des Golfes","IceHockeyLeague"
"http://dbpedia.org/resource/Gulf_Ice_Hockey_Championship","Eishockeymeisterschaft des Golfes","Organisation"
"http://dbpedia.org/resource/Gulf_Ice_Hockey_Championship","Eishockeymeisterschaft des Golfes","SoccerTournament"
"http://dbpedia.org/resource/Gulf_Ice_Hockey_Championship","Eishockeymeisterschaft des Golfes","Agent"
"http://dbpedia.org/resource/Kazakhstan_Hockey_Championship","Kasachische Eishockeymeisterschaft","IceHockeyLeague"
"http://dbpedia.org/resource/Kazakhstan_Hockey_Championship","Kasachische Eishockeymeisterschaft","Organisation"
"http://dbpedia.org/resource/Kazakhstan_Hockey_Championship","Kasachische Eishockeymeisterschaft","Award"
"http://dbpedia.org/resource/Kazakhstan_Hockey_Championship","Kasachische Eishockeymeisterschaft","Agent"
"http://dbpedia.org/resource/Kazakhstan_Hockey_Championship","Kasachische Eishockeymeisterschaft","SportsLeague"
"http://dbpedia.org/resource/Brooklyn_Bridge","Brooklyn Bridge","Bridge"
"http://dbpedia.org/resource/Brooklyn_Bridge","Brooklyn Bridge","ArchitecturalStructure"
"http://dbpedia.org/resource/Brooklyn_Bridge","Brooklyn Bridge","Infrastructure"
"http://dbpedia.org/resource/Brooklyn_Bridge","Brooklyn Bridge","RouteOfTransportation"
"http://dbpedia.org/resource/Wikipedia","Wikipedia","Book"
"http://dbpedia.org/resource/Wikipedia","Wikipedia","Website"
"http://dbpedia.org/resource/Wikipedia","Wikipedia","Work"
"http://dbpedia.org/resource/President_of_Montenegro","President of Montenegro","Person"
"http://dbpedia.org/resource/Titanic","Titanic","Ship"
"http://dbpedia.org/resource/Titanic","Titanic","MeanOfTransportation"
"http://dbpedia.org/resource/Heineken","Heineken","Beverage"
"http://dbpedia.org/resource/Heineken","Heineken","EthnicGroup"
"http://dbpedia.org/resource/Heineken","Heineken","Food"
"http://dbpedia.org/resource/Youth_Climate_Movement","Youth Climate Movement","Organisation"
"http://dbpedia.org/resource/Youth_Climate_Movement","Youth Climate Movement","Agent"
"http://dbpedia.org/resource/Chile_Route_68","Ruta 68 (Chile)","Road"
"http://dbpedia.org/resource/Chile_Route_68","Ruta 68 (Chile)","ArchitecturalStructure"
"http://dbpedia.org/resource/Chile_Route_68","Ruta 68 (Chile)","Infrastructure"
"http://dbpedia.org/resource/Chile_Route_68","Ruta 68 (Chile)","RouteOfTransportation"
"http://dbpedia.org/resource/Zeravshan_(river)","Zeravshan","River"
"http://dbpedia.org/resource/Wealth","Reichtum","Thing"
"http://dbpedia.org/resource/World","Welt","Thing"
"http://dbpedia.org/resource/Indiana_township_trustee","Indiana township trustee","Thing"
"'IYCM'","IYCM","Thing"
"http://dbpedia.org/resource/Auckland_City","Auckland City","AdministrativeRegion"
"http://dbpedia.org/resource/Empire_of_Japan","Japanisches Kaiserreich","Country"
"http://dbpedia.org/resource/Palace_of_Westminster","Westminster-Palast","Settlement"
"http://dbpedia.org/resource/Palace_of_Westminster","Westminster-Palast","HistoricPlace"
"http://dbpedia.org/resource/Palace_of_Westminster","Westminster-Palast","Place"
"http://dbpedia.org/resource/Palace_of_Westminster","Westminster-Palast","Location"
"http://dbpedia.org/resource/Mean_Hamster_Software","Mean Hamster Software","Agent"
"http://dbpedia.org/resource/Mean_Hamster_Software","Mean Hamster Software","Company"
"http://dbpedia.org/resource/Mean_Hamster_Software","Mean Hamster Software","Organisation"
"http://dbpedia.org/resource/Hamburg_Parliament","Hamburgische Bürgerschaft","Legislature"
"http://dbpedia.org/resource/Samuel_Schmid","Samuel Schmid","Politician"
"http://dbpedia.org/resource/Parliament_of_Australia","Australisches Parlament","Legislature"
"http://dbpedia.org/resource/Patrick_F._Kennedy","Patrick F. Kennedy","Politician"
"http://dbpedia.org/resource/Patrick_F._Kennedy","Patrick F. Kennedy","Person"
"http://dbpedia.org/resource/San_Pedro_de_Atacama","San Pedro de Atacama","Settlement"
"http://dbpedia.org/resource/San_Pedro_de_Atacama","San Pedro de Atacama","Town"
"http://dbpedia.org/resource/San_Pedro_de_Atacama","San Pedro de Atacama","Place"
"http://dbpedia.org/resource/San_Pedro_de_Atacama","San Pedro de Atacama","Location"
"http://dbpedia.org/resource/Moscow","Moskau","City"
"http://dbpedia.org/resource/Florence","Florenz","City"
"http://dbpedia.org/resource/Queen_Victoria","Victoria (Vereinigtes Königreich)","Agent"
"http://dbpedia.org/resource/Queen_Victoria","Victoria (Vereinigtes Königreich)","Royalty"
"http://dbpedia.org/resource/Queen_Victoria","Victoria (Vereinigtes Königreich)","Person"
"http://dbpedia.org/resource/Queen_Victoria","Victoria (Vereinigtes Königreich)","Country"
"http://dbpedia.org/resource/Constitutional_monarchy","Konstitutionelle Monarchie","Country"
"http://dbpedia.org/resource/Elisabeth_of_Saxony","Elisabeth of Saxony","Person"
"http://dbpedia.org/resource/El_Burguillo_Reservoir","Talsperre El Burguillo","River"
"http://dbpedia.org/resource/Friedrich_Wilhelm_Joseph_Schelling","Friedrich Wilhelm Joseph Schelling","Person"
"http://dbpedia.org/resource/Hovercraft","Hovercraft","Ship"
"http://dbpedia.org/resource/Gmail","Gmail","Website"
"http://dbpedia.org/resource/Donald_Trump","Donald Trump","Person"
"http://dbpedia.org/resource/Hearth_Fires","Kerzenlicht","Film"
"http://dbpedia.org/resource/American_Idol","American Idol","Work"
"http://dbpedia.org/resource/American_Idol","American Idol","TelevisionShow"
"http://dbpedia.org/resource/Seagate_Technology","Seagate Technology","Company"
"http://dbpedia.org/resource/T._E._Lawrence","T. E. Lawrence","MilitaryPerson"